Juan,Garcia,juan.garcia@test.com,M
Maria,Fernandez,maria.fernandez@test.com,F
Carlos,Lopez,carlos.lopez@test.com,M
Laura,Martinez,laura.martinez@test.com,F
Luis,Gonzalez,luis.gonzalez@test.com,M
Carmen,Perez,carmen.perez@test.com,F
Miguel,Rodriguez,miguel.rodriguez@test.com,M
Sofia,Sanchez,sofia.sanchez@test.com,F
Diego,Gomez,diego.gomez@test.com,M
Lucia,Martin,lucia.martin@test.com,F
Jorge,Jimenez,jorge.jimenez@test.com,M
Elena,Ruiz,elena.ruiz@test.com,F
Roberto,Hernandez,roberto.hernandez@test.com,M
Paula,Diaz,paula.diaz@test.com,F
Andres,Moreno,andres.moreno@test.com,M
Daniela,Alvarez,daniela.alvarez@test.com,F
Fernando,Romero,fernando.romero@test.com,M
Valeria,Alonso,valeria.alonso@test.com,F
Ricardo,Gutierrez,ricardo.gutierrez@test.com,M
Camila,Navarro,camila.navarro@test.com,F
Daniel,Torres,daniel.torres@test.com,M
Andrea,Dominguez,andrea.dominguez@test.com,F
Alejandro,Vazquez,alejandro.vazquez@test.com,M
Natalia,Ramos,natalia.ramos@test.com,F
Marcelo,Gil,marcelo.gil@test.com,M
Julia,Blanco,julia.blanco@test.com,F
Eduardo,Molina,eduardo.molina@test.com,M
Marta,Morales,marta.morales@test.com,F
Javier,Suarez,javier.suarez@test.com,M
Sara,Ortega,sara.ortega@test.com,F
Sergio,Delgado,sergio.delgado@test.com,M
Clara,Castro,clara.castro@test.com,F
Mario,Ortiz,mario.ortiz@test.com,M
Gabriela,Rubio,gabriela.rubio@test.com,F
Oscar,Marin,oscar.marin@test.com,M
Silvia,Sanz,silvia.sanz@test.com,F
Martin,Iglesias,martin.iglesias@test.com,M
Teresa,Nunez,teresa.nunez@test.com,F
Raul,Medina,raul.medina@test.com,M
Rosa,Garrido,rosa.garrido@test.com,F
Hugo,Cortes,hugo.cortes@test.com,M
Beatriz,Castillo,beatriz.castillo@test.com,F
Victor,Santos,victor.santos@test.com,M
Patricia,Lozano,patricia.lozano@test.com,F
Manuel,Guerrero,manuel.guerrero@test.com,M
Monica,Cano,monica.cano@test.com,F
Pablo,Prieto,pablo.prieto@test.com,M
Victoria,Mendez,victoria.mendez@test.com,F
Ivan,Cruz,ivan.cruz@test.com,M
Diana,Calvo,diana.calvo@test.com,F
